{
  "orientation": "Vertical",
  "nodeLayouts": {
    "inputs": {
      "x": 190.18513667155406,
      "y": 34.08098960466251,
      "index": -1
    },
    "outputs": {
      "x": 223.4010295724526,
      "y": 514.9316791222615,
      "index": -1
    },
    "formatRewriteIntentInputs": {
      "x": 115.35849517319807,
      "y": 161.23259816688298,
      "height": 75,
      "index": 0
    },
    "extractSearchIntent": {
      "x": 128.7689388527889,
      "y": 392.0062626761766,
      "height": 75,
      "index": 2
    },
    "rewriteIntent": {
      "x": 120.2141231955365,
      "y": 283.6721345391555,
      "height": 75,
      "index": 1
    }
  },
  "viewport": {
    "transformMatrix": [
      0.6237349481021777,
      0,
      0,
      0.6237349481021777,
      23.92693706624371,
      83.67371533135423
    ]
  }
}